doc_id,test_id,title,uri
1,12,DesignPlans.pdf,https://www.opener.com/test_plans_list/test_plans/0000000012/supplemental_docs/1
2,12,CostProjections.xls,https://www.opener.com/test_plans_list/test_plans/0000000012/supplemental_docs/2
3,7474890889,Crash Safety Test Sample Document 1,https://www.opener.com/test_plans_list/test_plans/0000000012/supplemental_docs/3
4,7474890889,Crash Safety Test Sample Document 2,https://www.opener.com/test_plans_list/test_plans/0000000012/supplemental_docs/4
5,3847792993,Battery Duration Stress Test Sample Document 1,https://www.opener.com/test_plans_list/test_plans/0000000012/supplemental_docs/5
6,3847792993,Battery Duration Stress Test Sample Document 2,https://www.opener.com/test_plans_list/test_plans/0000000012/supplemental_docs/6
7,3847792993,Battery Duration Stress Test Sample Document 3,https://www.opener.com/test_plans_list/test_plans/0000000012/supplemental_docs/7
8,3847792993,Battery Duration Stress Test Sample Document 4,https://www.opener.com/test_plans_list/test_plans/0000000012/supplemental_docs/8
9,2080844423,Extreme Cold Flight Sample Document 1,https://www.opener.com/test_plans_list/test_plans/0000000012/supplemental_docs/9
10,2080844423,Extreme Cold Flight Sample Document 2,https://www.opener.com/test_plans_list/test_plans/0000000012/supplemental_docs/10
11,7474890889,Crash Safety Test Sample Document 3,https://www.opener.com/test_plans_list/test_plans/0000000012/supplemental_docs/11
12,7474890889,Crash Safety Test Sample Document 4,https://www.opener.com/test_plans_list/test_plans/0000000012/supplemental_docs/12
13,12,ProjectDescription.doc,https://www.opener.com/test_plans_list/test_plans/0000000012/supplemental_docs/13
14,7474890889,Crash Safety Test Sample Document 5,https://www.opener.com/test_plans_list/test_plans/0000000012/supplemental_docs/14
15,7474890889,Crash Safety Test Sample Document 6,https://www.opener.com/test_plans_list/test_plans/0000000012/supplemental_docs/15